filename,width,height,class,xmin,ymin,xmax,ymax
10.jpg0.jpg,300,300,Stop Sign,154.58661,7.6784596,206.27908,61.13035
10.jpg1.jpg,300,300,Stop Sign,244.03151,94.38997,285.48627,129.77817
101.jpg0.jpg,300,300,Stop Sign,173.2385,92.79756,202.7335,121.39878
101.jpg1.jpg,300,300,Stop Sign,123.98166,138.08937,156.98166,170.08937
101.jpg2.jpg,300,300,Stop Sign,136.8307,72.507545,169.8307,104.507545
102.jpg0.jpg,300,300,Stop Sign,61,50,163,157
102.jpg1.jpg,300,300,Stop Sign,82.18822,0,184.18822,104.149925
102.jpg2.jpg,300,300,Stop Sign,91.0179,18.80711,237.81325,164.60059
104.jpg0.jpg,300,300,Stop Sign,45.015965,100.14239,98.01597,159.1424
104.jpg1.jpg,300,300,Stop Sign,62,25,115,84
104.jpg2.jpg,300,300,Stop Sign,0,65.44572,46.45883,124.44572
11.jpg0.jpg,300,300,Stop Sign,217,63,272,125
11.jpg1.jpg,300,300,Stop Sign,262.11182,91.65554,300,153.65555
11.jpg2.jpg,300,300,Stop Sign,152.13148,0,204.79955,48.92573
110.jpg0.jpg,300,300,Stop Sign,183.19925,183.19925,225.33675,222.78296
110.jpg1.jpg,300,300,Stop Sign,171.99771,160.81845,204.99771,191.81845
110.jpg2.jpg,300,300,Stop Sign,151.47646,130.2079,192.75978,170.24976
111.jpg0.jpg,300,300,Stop Sign,255.46802,215.14877,300,261.77115
111.jpg1.jpg,300,300,Stop Sign,207,153,246,192
111.jpg2.jpg,300,300,Stop Sign,207,153,246,192
112.jpg0.jpg,300,300,Stop Sign,260.6294,125.10838,300,188.72029
112.jpg1.jpg,300,300,Stop Sign,211.89178,191.55927,256.89178,237.55927
112.jpg2.jpg,300,300,Stop Sign,230,132,275,178
117.jpg0.jpg,300,300,Stop Sign,135.07018,59.986843,216.93732,141.85399
117.jpg1.jpg,300,300,Stop Sign,249.65065,136.24704,300,194.24704
117.jpg2.jpg,300,300,Stop Sign,192.58003,165.43248,250.58003,223.43248
118.jpg0.jpg,300,300,Stop Sign,69.068146,48.196987,151.06815,123.19698
118.jpg1.jpg,300,300,Stop Sign,106.06919,117.658806,147.49512,155.5525
118.jpg2.jpg,300,300,Stop Sign,0,55.97091,72.503494,130.9709
12.jpg0.jpg,300,300,Stop Sign,0,104.23825,113.942986,233.23825
12.jpg1.jpg,300,300,Stop Sign,29,32,147,161
12.jpg2.jpg,300,300,Stop Sign,2.6978798,6.3499985,146.34789,163.3911
13%20(2).jpg0.jpg,300,300,Stop Sign,247.82207,52.17793,297.24796,98.5147
13%20(2).jpg1.jpg,300,300,Stop Sign,280.72183,19.27816,300,81.199036
13%20(2).jpg2.jpg,300,300,Stop Sign,256.93723,121.63661,300,185.46753
13.jpg0.jpg,300,300,Stop Sign,64.72575,41.034786,243.72575,219.03479
13.jpg1.jpg,300,300,Stop Sign,94.19268,92.4116,200.46407,198.08928
13.jpg2.jpg,300,300,Stop Sign,0,88.287735,171.98428,266.28772
16.jpg0.jpg,300,300,Stop Sign,271.37607,0,300,43.630592
16.jpg1.jpg,300,300,Stop Sign,224.57748,147.79587,289.03867,211.9321
16.jpg2.jpg,300,300,Stop Sign,175.87398,23.762415,235.97708,85.25502
17.jpg0.jpg,300,300,Stop Sign,150.57634,54.90693,227.2223,131.6895
17.jpg1.jpg,300,300,Stop Sign,136.34497,48.84575,207.94402,120.95638
17.jpg2.jpg,300,300,Stop Sign,61.692783,29.524893,115.69278,84.524895
18.jpg0.jpg,300,300,Stop Sign,235,36,294,93
18.jpg1.jpg,300,300,Stop Sign,272.0112,0,300,6.3655877
18.jpg2.jpg,300,300,Stop Sign,264.57184,0,300,73.169464
19.jpg0.jpg,300,300,Stop Sign,190.5816,63.213,271.5816,149.213
19.jpg1.jpg,300,300,Stop Sign,154.11876,64.19254,209.72198,123.22807
19.jpg2.jpg,300,300,Stop Sign,166.3771,31.339663,267.70728,136.12212
2%20(2).jpg0.jpg,300,300,Stop Sign,178.8573,90.492256,244.17899,155.96269
2%20(2).jpg1.jpg,300,300,Stop Sign,158,67,204,114
2%20(2).jpg2.jpg,300,300,Stop Sign,158,67,204,114
20.jpg0.jpg,300,300,Stop Sign,96.36064,85.96567,185.28198,173.58675
20.jpg1.jpg,300,300,Stop Sign,176.54845,42.730255,237.54845,108.730255
20.jpg2.jpg,300,300,Stop Sign,186.69067,129.56401,247.69067,195.56401
22%20(2).jpg0.jpg,300,300,Stop Sign,5.846721,84.35524,79.86955,158.65805
22%20(2).jpg1.jpg,300,300,Stop Sign,50,40,103,94
22%20(2).jpg2.jpg,300,300,Stop Sign,21.23201,8.355209,89.47904,77.88992
22.jpg0.jpg,300,300,Stop Sign,282.10507,107.04608,300,151.04608
22.jpg1.jpg,300,300,Stop Sign,216.85373,155.52335,259.85373,199.52335
22.jpg2.jpg,300,300,Stop Sign,237,71,280,115
23.jpg0.jpg,300,300,Stop Sign,167.92024,0,244.92024,97.92521
23.jpg1.jpg,300,300,Stop Sign,161,21,238,135
23.jpg2.jpg,300,300,Stop Sign,159.38857,39.89766,225.10857,137.1974
24.jpg0.jpg,300,300,Stop Sign,0.63785803,0,192.63786,195.50555
24.jpg1.jpg,300,300,Stop Sign,69.58303,23.315733,281.09067,278.88748
24.jpg2.jpg,300,300,Stop Sign,94.60443,62.733013,240.30235,238.78467
25.jpg0.jpg,300,300,Stop Sign,201.77339,23.537645,262.0086,90.78838
25.jpg1.jpg,300,300,Stop Sign,183.91953,103.36065,247.51865,182.50621
25.jpg2.jpg,300,300,Stop Sign,193.4672,200.66211,226.54732,241.82849
26.jpg0.jpg,300,300,Stop Sign,226.678,0,285.678,12.906814
26.jpg1.jpg,300,300,Stop Sign,238,37,297,91
26.jpg2.jpg,300,300,Stop Sign,193.74257,0,267.72107,64.322044
27.jpg0.jpg,300,300,Stop Sign,130.34561,147.45482,155.34561,182.45482
27.jpg1.jpg,300,300,Stop Sign,153.17273,40.406445,178.27359,75.547646
27.jpg2.jpg,300,300,Stop Sign,81.93829,102.63422,106.93829,137.63422
28.jpg0.jpg,300,300,Stop Sign,294.503,0,300,127.72563
28.jpg1.jpg,300,300,Stop Sign,214.07443,169.43823,300,300
28.jpg2.jpg,300,300,Stop Sign,204,25,289,141
30.jpg0.jpg,300,300,Stop Sign,107.3732,97.80955,169.71223,159.91844
30.jpg1.jpg,300,300,Stop Sign,208.20422,91.23227,240.20422,147.23227
30.jpg2.jpg,300,300,Stop Sign,85.708885,108.06245,117.708885,164.06245
32%20(2).jpg0.jpg,300,300,Stop Sign,249,153,275,180
32%20(2).jpg1.jpg,300,300,Stop Sign,198.46284,76.0326,215.88188,94.12159
32%20(2).jpg2.jpg,300,300,Stop Sign,204.39014,151.6482,218.67442,166.48186
32.jpg0.jpg,300,300,Stop Sign,133.07666,65.02601,189.69492,120.4862
32.jpg1.jpg,300,300,Stop Sign,152.25124,103.19669,208.90611,159.64555
32.jpg2.jpg,300,300,Stop Sign,122.02162,136.56468,159.02162,179.56468
35%20(2).jpg0.jpg,300,300,Stop Sign,282.99918,25.819223,300,83.072655
35%20(2).jpg1.jpg,300,300,Stop Sign,192.71979,125.06099,244.71979,177.06099
35%20(2).jpg2.jpg,300,300,Stop Sign,124.14459,140.69821,184.12402,200.67764
35.jpg0.jpg,300,300,Stop Sign,6,35,185,219
35.jpg1.jpg,300,300,Stop Sign,0,11.1283045,200.66696,251.03412
35.jpg2.jpg,300,300,Stop Sign,0,63.055588,167.6823,247.05559
36.jpg0.jpg,300,300,Stop Sign,200.61098,107.12126,232.94576,143.67363
36.jpg1.jpg,300,300,Stop Sign,231.88707,80.62346,284.2038,139.76411
36.jpg2.jpg,300,300,Stop Sign,291.4112,137.17009,300,191.3847
37.jpg0.jpg,300,300,Stop Sign,0,27.388874,184.92992,276.3146
37.jpg1.jpg,300,300,Stop Sign,50.224003,42.045643,151.63567,220.3339
37.jpg2.jpg,300,300,Stop Sign,86.36883,81.15316,151.04314,194.85477
38.jpg0.jpg,300,300,Stop Sign,209,71,286,150
38.jpg1.jpg,300,300,Stop Sign,244.90474,0,300,78.728355
38.jpg2.jpg,300,300,Stop Sign,209,71,286,150
39.jpg0.jpg,300,300,Stop Sign,0,160.9326,55.358845,236.83302
39.jpg1.jpg,300,300,Stop Sign,12.55887,57.134373,62.70631,107.281815
39.jpg2.jpg,300,300,Stop Sign,0,34.608925,53.710567,88.608925
40.jpg0.jpg,300,300,Stop Sign,100.99922,107.37368,147.809,154.18347
40.jpg1.jpg,300,300,Stop Sign,103.774925,113.13886,145.18001,154.54395
40.jpg2.jpg,300,300,Stop Sign,94.82195,109.216225,141.60335,155.99762
41.jpg0.jpg,300,300,Stop Sign,210.84329,122.87683,268.8433,176.87683
41.jpg1.jpg,300,300,Stop Sign,240,134,298,188
41.jpg2.jpg,300,300,Stop Sign,240,134,298,188
43.jpg0.jpg,300,300,Stop Sign,235,33,281,124
43.jpg1.jpg,300,300,Stop Sign,214.18321,98.82244,265.06622,192.19041
43.jpg2.jpg,300,300,Stop Sign,238.84947,66.39888,300,167.3396
44.jpg0.jpg,300,300,Stop Sign,119,50,160,94
44.jpg1.jpg,300,300,Stop Sign,119,50,160,94
44.jpg2.jpg,300,300,Stop Sign,121.02994,56.548183,159.34518,97.666985
46.jpg0.jpg,300,300,Stop Sign,142.39166,0,175.75629,20.88684
46.jpg1.jpg,300,300,Stop Sign,221.93839,0,283.9384,51.80768
46.jpg2.jpg,300,300,Stop Sign,231.36967,0,300,31.514343
49.jpg1.jpg,300,300,Stop Sign,263.07104,111.57362,296.07104,142.57362
49.jpg2.jpg,300,300,Stop Sign,220,58,253,89
50%20(2).jpg0.jpg,300,300,Stop Sign,223.90031,100.977585,249.90031,126.977585
50%20(2).jpg1.jpg,300,300,Stop Sign,192.59457,87.10152,222.3409,116.84783
50%20(2).jpg2.jpg,300,300,Stop Sign,163.4712,86.01174,185.36194,107.90246
51%20(2).jpg0.jpg,300,300,Stop Sign,146.05731,68.99198,200.16568,122.102394
51%20(2).jpg1.jpg,300,300,Stop Sign,147.8138,105.72936,177.32756,134.69656
51%20(2).jpg2.jpg,300,300,Stop Sign,114.809135,81.98547,168.12395,135.11615
51.jpg0.jpg,300,300,Stop Sign,90.49996,77.580444,191.46658,178.54707
51.jpg1.jpg,300,300,Stop Sign,121.24321,124.324295,158.72974,161.81082
51.jpg2.jpg,300,300,Stop Sign,94,100,167,173
53.jpg0.jpg,300,300,Stop Sign,25.825819,19.704557,87.91291,82.666115
53.jpg1.jpg,300,300,Stop Sign,29.913181,75.070786,100.91318,147.07079
53.jpg2.jpg,300,300,Stop Sign,113.25648,0,151.62593,25.678062
55.jpg0.jpg,300,300,Stop Sign,145,86,192,165
55.jpg1.jpg,300,300,Stop Sign,145,86,192,165
55.jpg2.jpg,300,300,Stop Sign,147.39034,116.59621,171.92123,157.82901
56.jpg0.jpg,300,300,Stop Sign,52.67677,80.37646,94.600624,126.04351
56.jpg1.jpg,300,300,Stop Sign,7.553075,76.85916,63.553074,137.85916
56.jpg2.jpg,300,300,Stop Sign,56.300667,0,112.30067,46.27902
61.jpg0.jpg,300,300,Stop Sign,237,10,296,71
61.jpg1.jpg,300,300,Stop Sign,226.87198,26.297962,279.00354,80.19671
61.jpg2.jpg,300,300,Stop Sign,236.02667,8.990518,295.44843,70.39835
64.jpg0.jpg,300,300,Stop Sign,277.8188,46.873474,300,123.85525
64.jpg2.jpg,300,300,Stop Sign,235.05923,81.37266,286.28812,132.60152
65.jpg1.jpg,300,300,Stop Sign,210.63538,139.43073,270.63538,200.43073
65.jpg2.jpg,300,300,Stop Sign,225.18132,107.00687,285.1813,168.00687
66.jpg0.jpg,300,300,Stop Sign,269.28497,75.807526,300,119.45052
66.jpg0.jpg,300,300,Stop Sign,235.39944,138.32542,300,203.77539
66.jpg1.jpg,300,300,Stop Sign,202.12132,75.96402,221.07454,95.50952
66.jpg1.jpg,300,300,Stop Sign,203.8982,116.23959,232.9203,145.2617
66.jpg2.jpg,300,300,Stop Sign,233.53418,20.843283,266.67877,54.951946
66.jpg2.jpg,300,300,Stop Sign,238.9319,88.09517,289.6305,138.79376
67%20(2).jpg0.jpg,300,300,Stop Sign,179.05576,32.969894,236.36015,91.0814
67%20(2).jpg1.jpg,300,300,Stop Sign,111.11537,0,208.1342,68.701614
67%20(2).jpg2.jpg,300,300,Stop Sign,235.32193,11.332977,300,83.33298
67.jpg0.jpg,300,300,Stop Sign,167.61906,106.93118,221.45508,159.78836
67.jpg1.jpg,300,300,Stop Sign,253.4017,149.11984,300,203.11984
67.jpg2.jpg,300,300,Stop Sign,83.94097,27.952688,138.94098,81.95269
69.jpg0.jpg,300,300,Stop Sign,100.7965,0,257.00186,150.88847
69.jpg1.jpg,300,300,Stop Sign,117.00027,4.3411636,273.7825,156.66786
69.jpg2.jpg,300,300,Stop Sign,83.44027,0,227.33435,143.3331
7%20(2).jpg0.jpg,300,300,Stop Sign,102.21809,294.74954,133.2181,300
7%20(2).jpg1.jpg,300,300,Stop Sign,90.39969,214.17914,124.62754,248.407
7%20(2).jpg2.jpg,300,300,Stop Sign,76.66547,196.3709,107.42433,227.12976
70.jpg0.jpg,300,300,Stop Sign,64.967606,84.2204,143.5551,161.80827
70.jpg1.jpg,300,300,Stop Sign,116,68,168,127
70.jpg2.jpg,300,300,Stop Sign,182.41931,63.88235,227.80548,115.378204
71.jpg0.jpg,300,300,Stop Sign,187.34125,158.19096,241.35509,213.98712
71.jpg1.jpg,300,300,Stop Sign,275.83478,185.35251,300,236.35251
71.jpg2.jpg,300,300,Stop Sign,230.19945,153.07205,279.19943,204.07205
79.jpg0.jpg,300,300,Stop Sign,213.7878,214.94757,254.38004,259.01913
79.jpg1.jpg,300,300,Stop Sign,167.03233,222.17221,213.45879,270.30164
79.jpg2.jpg,300,300,Stop Sign,196.65584,197.50412,226.34592,229.73906
81.jpg0.jpg,300,300,Stop Sign,195.1807,153.22719,245.5249,191.30807
81.jpg2.jpg,300,300,Stop Sign,185.4348,152.53105,224.91931,182.39754
86.jpg0.jpg,300,300,Stop Sign,184.04114,87.00591,224.76303,128.43257
86.jpg1.jpg,300,300,Stop Sign,175,78,208,112
86.jpg2.jpg,300,300,Stop Sign,232.8977,54.033546,265.8977,88.03355
88.jpg0.jpg,300,300,Stop Sign,142.99138,96.62665,171.02586,125.73939
88.jpg1.jpg,300,300,Stop Sign,61.50211,0,113.50211,21.060814
88.jpg2.jpg,300,300,Stop Sign,197.0984,140.13968,249.0984,194.13968
9.jpg0.jpg,300,300,Stop Sign,249,87,296,125
9.jpg1.jpg,300,300,Stop Sign,208.1067,26.096323,267.41437,81.650314
9.jpg2.jpg,300,300,Stop Sign,249,87,296,125
92.jpg0.jpg,300,300,Stop Sign,103.516624,33.56415,206.96567,137.26205
92.jpg1.jpg,300,300,Stop Sign,129.04895,0,252.04895,57.950806
92.jpg2.jpg,300,300,Stop Sign,113.37362,19.56266,228.4813,137.01175
95.jpg0.jpg,300,300,Stop Sign,279.40765,135.21056,300,180.81136
95.jpg1.jpg,300,300,Stop Sign,241.88202,133.14868,277.88202,170.14868
95.jpg2.jpg,300,300,Stop Sign,255,138,291,175
99.jpg0.jpg,300,300,Stop Sign,106.50517,0,181.35718,42.676544
99.jpg1.jpg,300,300,Stop Sign,293.11627,0,300,5.716848
99.jpg2.jpg,300,300,Stop Sign,203.88605,80.37197,235.37003,113.67233
AnyConv.com__1.jpg0.jpg,300,300,Stop Sign,79.33528,13.543993,300,224.3198
AnyConv.com__1.jpg1.jpg,300,300,Stop Sign,28.774149,0,285.70618,234.05388
AnyConv.com__1.jpg2.jpg,300,300,Stop Sign,92,38,283,211
AnyConv.com__10.jpg0.jpg,300,300,Stop Sign,296.9792,118.25661,300,203.11273
AnyConv.com__10.jpg1.jpg,300,300,Stop Sign,210.04288,0,295.1036,64.93926
AnyConv.com__10.jpg2.jpg,300,300,Stop Sign,183.53102,54.99546,231.03328,102.49773
AnyConv.com__11.jpg0.jpg,300,300,Stop Sign,141,19,224,104
AnyConv.com__11.jpg1.jpg,300,300,Stop Sign,209.54176,99.591644,292.54178,184.59164
AnyConv.com__11.jpg2.jpg,300,300,Stop Sign,141.55138,18.901638,225.56308,104.88926
AnyConv.com__16.jpg0.jpg,300,300,Stop Sign,0.7915481,107.609566,171.79155,293.60956
AnyConv.com__16.jpg1.jpg,300,300,Stop Sign,12,35,183,221
AnyConv.com__16.jpg2.jpg,300,300,Stop Sign,12,35,183,221
AnyConv.com__17%20(1).jpg0.jpg,300,300,Stop Sign,215.4309,50.598362,288.78265,124.84713
AnyConv.com__17%20(1).jpg1.jpg,300,300,Stop Sign,281.6939,102.98111,300,184.35558
AnyConv.com__17%20(1).jpg2.jpg,300,300,Stop Sign,298.32788,10.975463,300,89.03557
AnyConv.com__17.jpg0.jpg,300,300,Stop Sign,191.54576,50.856705,255.75285,115.06379
AnyConv.com__17.jpg1.jpg,300,300,Stop Sign,233.61589,0,300,59.116753
AnyConv.com__17.jpg2.jpg,300,300,Stop Sign,198.51051,42.907654,267.612,112.009155
AnyConv.com__19.jpg0.jpg,300,300,Stop Sign,0,68.407135,138.00934,231.89711
AnyConv.com__19.jpg1.jpg,300,300,Stop Sign,0,0,162.25946,163.64722
AnyConv.com__19.jpg2.jpg,300,300,Stop Sign,70.31837,43.760685,179.26518,151.46948
AnyConv.com__20%20(1).jpg0.jpg,300,300,Stop Sign,133.90266,65.31405,219.98839,156.29895
AnyConv.com__20%20(1).jpg1.jpg,300,300,Stop Sign,89.55083,102.60216,212.55083,232.60216
AnyConv.com__20%20(1).jpg2.jpg,300,300,Stop Sign,127.473656,31.49186,247.94061,158.81465
AnyConv.com__20.jpg0.jpg,300,300,Stop Sign,155,27,278,160
AnyConv.com__20.jpg1.jpg,300,300,Stop Sign,75.18655,0,262.32495,155.06456
AnyConv.com__20.jpg2.jpg,300,300,Stop Sign,155,27,278,160
AnyConv.com__26.jpg0.jpg,300,300,Stop Sign,156,29,273,148
AnyConv.com__26.jpg1.jpg,300,300,Stop Sign,65.15876,49.39498,209.84206,195.46701
AnyConv.com__26.jpg2.jpg,300,300,Stop Sign,156.32431,37.4979,300,188.02972
AnyConv.com__27.jpg0.jpg,300,300,Stop Sign,27.6371,0,256.55316,197.45744
AnyConv.com__27.jpg1.jpg,300,300,Stop Sign,74.30073,0,205.30074,113.63901
AnyConv.com__27.jpg2.jpg,300,300,Stop Sign,17.140898,0,148.1409,105.617065
AnyConv.com__28.jpg0.jpg,300,300,Stop Sign,203,37,266,100
AnyConv.com__28.jpg1.jpg,300,300,Stop Sign,113.9773,0,176.97731,52.25063
AnyConv.com__28.jpg2.jpg,300,300,Stop Sign,129.2688,74.56489,192.2688,137.5649
AnyConv.com__29.jpg0.jpg,300,300,Stop Sign,100,47,275,233
AnyConv.com__29.jpg1.jpg,300,300,Stop Sign,115.63131,79.2005,235.92172,207.05203
AnyConv.com__29.jpg2.jpg,300,300,Stop Sign,100,47,275,233
AnyConv.com__30.jpg0.jpg,300,300,Stop Sign,120.42788,0,265.4279,75.77917
AnyConv.com__30.jpg1.jpg,300,300,Stop Sign,149.04927,7.3906126,286.905,134.78833
AnyConv.com__30.jpg2.jpg,300,300,Stop Sign,149,0,294,134
AnyConv.com__31.jpg0.jpg,300,300,Stop Sign,144.37628,66.87774,300,231.87773
AnyConv.com__31.jpg1.jpg,300,300,Stop Sign,109,26,280,191
AnyConv.com__31.jpg2.jpg,300,300,Stop Sign,73.00424,13.384892,244.00424,178.38489
AnyConv.com__33.jpg0.jpg,300,300,Stop Sign,204.37389,91.93258,247.8521,136.3998
AnyConv.com__33.jpg1.jpg,300,300,Stop Sign,168.71747,30.297472,211.71747,74.29747
AnyConv.com__33.jpg2.jpg,300,300,Stop Sign,271.54416,64.07733,300,108.07733
AnyConv.com__36.jpg0.jpg,300,300,Stop Sign,85.86047,70.33107,252.855,237.91353
AnyConv.com__36.jpg1.jpg,300,300,Stop Sign,0,85.3867,94.99521,207.86322
AnyConv.com__36.jpg2.jpg,300,300,Stop Sign,0,35.147396,154.34319,187.1167
AnyConv.com__38.jpg0.jpg,300,300,Stop Sign,0,0,226.53502,183.31734
AnyConv.com__38.jpg1.jpg,300,300,Stop Sign,46.578724,3.803103,226.57872,157.8031
AnyConv.com__38.jpg2.jpg,300,300,Stop Sign,61,41,241,195
AnyConv.com__39.jpg0.jpg,300,300,Stop Sign,39.35731,0,300,242.49731
AnyConv.com__39.jpg1.jpg,300,300,Stop Sign,112,51,277,201
AnyConv.com__39.jpg2.jpg,300,300,Stop Sign,112,51,277,201
AnyConv.com__4.jpg0.jpg,300,300,Stop Sign,111,72,194,193
AnyConv.com__4.jpg1.jpg,300,300,Stop Sign,111,72,194,193
AnyConv.com__4.jpg2.jpg,300,300,Stop Sign,136.5347,27.87463,219.5347,148.87463
AnyConv.com__41.jpg0.jpg,300,300,Stop Sign,62.29034,67.00223,214.84705,219.79547
AnyConv.com__41.jpg1.jpg,300,300,Stop Sign,76.18652,60.49512,229.11787,213.64249
AnyConv.com__41.jpg2.jpg,300,300,Stop Sign,100.57847,94.81262,190.36092,185.41876
AnyConv.com__43.jpg0.jpg,300,300,Stop Sign,107.709496,65.41899,192.2905,151.65845
AnyConv.com__43.jpg1.jpg,300,300,Stop Sign,99,48,201,152
AnyConv.com__43.jpg2.jpg,300,300,Stop Sign,74.78516,0,225.21484,152.9496
AnyConv.com__45.jpg0.jpg,300,300,Stop Sign,0,33.23083,125.52457,220.20958
AnyConv.com__45.jpg1.jpg,300,300,Stop Sign,10.499949,152.11328,159.49995,294.11328
AnyConv.com__45.jpg2.jpg,300,300,Stop Sign,10.337573,78.01297,164.45293,225.39017
AnyConv.com__47.jpg0.jpg,300,300,Stop Sign,132.7862,60.971066,175.7862,119.97107
AnyConv.com__47.jpg2.jpg,300,300,Stop Sign,184.37517,48.252716,248.698,120.06003
AnyConv.com__48.jpg0.jpg,300,300,Stop Sign,59.412525,67.839264,100.84401,109.97298
AnyConv.com__48.jpg1.jpg,300,300,Stop Sign,21,33,80,93
AnyConv.com__48.jpg2.jpg,300,300,Stop Sign,21,33,80,93
AnyConv.com__49.jpg0.jpg,300,300,Stop Sign,143.8385,80.49276,200.8385,139.49275
AnyConv.com__49.jpg1.jpg,300,300,Stop Sign,131.4048,101.65249,161.68842,132.99867
AnyConv.com__49.jpg2.jpg,300,300,Stop Sign,115,59,172,118
AnyConv.com__5.jpg0.jpg,300,300,Stop Sign,51.432137,123.31841,138.27234,208.76495
AnyConv.com__5.jpg1.jpg,300,300,Stop Sign,113,49,184,118
AnyConv.com__5.jpg2.jpg,300,300,Stop Sign,115.79385,46.2692,192.29419,120.94306
AnyConv.com__52.jpg0.jpg,300,300,Stop Sign,173.98021,50.299366,300,214.1329
AnyConv.com__52.jpg1.jpg,300,300,Stop Sign,174.3675,0,300,134.89806
AnyConv.com__52.jpg2.jpg,300,300,Stop Sign,56.932102,0,256.18924,120.96357
AnyConv.com__54.jpg0.jpg,300,300,Stop Sign,0,0,131.87366,170.71582
AnyConv.com__54.jpg1.jpg,300,300,Stop Sign,0,50.943913,75.62218,195.94391
AnyConv.com__54.jpg2.jpg,300,300,Stop Sign,10,21,136,166
AnyConv.com__55.jpg0.jpg,300,300,Stop Sign,61.2183,56.900818,243.26314,239.1096
AnyConv.com__55.jpg1.jpg,300,300,Stop Sign,101.12188,42.022015,244.60995,183.7461
AnyConv.com__55.jpg2.jpg,300,300,Stop Sign,85.06781,160.16478,215.06781,288.1648
AnyConv.com__58.jpg0.jpg,300,300,Stop Sign,171.76125,61.293198,210.76125,96.2932
AnyConv.com__58.jpg1.jpg,300,300,Stop Sign,186.76059,161.34976,238.54698,211.97093
AnyConv.com__58.jpg2.jpg,300,300,Stop Sign,119.46522,148.94708,160.52924,185.79941
AnyConv.com__59.jpg0.jpg,300,300,Stop Sign,100.95045,43.159035,268.69113,211.28822
AnyConv.com__59.jpg1.jpg,300,300,Stop Sign,135.56087,103.07283,224.36151,192.59543
AnyConv.com__59.jpg2.jpg,300,300,Stop Sign,130,85,253,209
AnyConv.com__6.jpg0.jpg,300,300,Stop Sign,143,41,228,117
AnyConv.com__6.jpg1.jpg,300,300,Stop Sign,143,41,228,117
AnyConv.com__6.jpg2.jpg,300,300,Stop Sign,145.18723,40.775623,235.00519,122.20548
AnyConv.com__60.jpg0.jpg,300,300,Stop Sign,124.126976,94.74076,257.12698,225.74077
AnyConv.com__60.jpg1.jpg,300,300,Stop Sign,117.366455,187.28085,250.36646,300
AnyConv.com__60.jpg2.jpg,300,300,Stop Sign,0,144.03108,128.96289,275.0311
AnyConv.com__63.jpg0.jpg,300,300,Stop Sign,224.54688,113.883316,300,190.15088
AnyConv.com__63.jpg1.jpg,300,300,Stop Sign,209.55106,51.0121,265.3403,106.80134
AnyConv.com__63.jpg2.jpg,300,300,Stop Sign,216.07219,126.44369,270.0722,180.4437
AnyConv.com__64.jpg0.jpg,300,300,Stop Sign,104.65166,9.056887,300,233.22498
AnyConv.com__64.jpg1.jpg,300,300,Stop Sign,83.2794,0,248.2794,90.04041
AnyConv.com__64.jpg2.jpg,300,300,Stop Sign,118.08677,67.921295,293.6903,243.52486
AnyConv.com__66.jpg0.jpg,300,300,Stop Sign,8.079356,0,270.71518,255.62231
AnyConv.com__66.jpg1.jpg,300,300,Stop Sign,18.345367,22.474884,238.8696,242.22015
AnyConv.com__66.jpg2.jpg,300,300,Stop Sign,116.99022,64.635124,300,250.63512
AnyConv.com__68.jpg0.jpg,300,300,Stop Sign,154.319,132.15977,229.319,208.15977
AnyConv.com__68.jpg1.jpg,300,300,Stop Sign,24.788303,0,117.57367,61.96553
AnyConv.com__68.jpg2.jpg,300,300,Stop Sign,36.755074,22.59946,142.9222,130.18214
AnyConv.com__7.jpg0.jpg,300,300,Stop Sign,176.35623,0,263.5872,40.7064
AnyConv.com__7.jpg1.jpg,300,300,Stop Sign,80.64492,107.201965,155.38428,195.87578
AnyConv.com__7.jpg2.jpg,300,300,Stop Sign,142,46,201,116
AnyConv.com__71.jpg0.jpg,300,300,Stop Sign,66.217026,92.1339,237.64276,265.86786
AnyConv.com__71.jpg1.jpg,300,300,Stop Sign,100.243675,102.2898,234.0225,238.95595
AnyConv.com__71.jpg2.jpg,300,300,Stop Sign,68.00354,73.178474,266.66818,271.70886
AnyConv.com__72.jpg0.jpg,300,300,Stop Sign,206.8609,67.40328,300,242.42917
AnyConv.com__72.jpg1.jpg,300,300,Stop Sign,191.72668,52.400352,300,187.74474
AnyConv.com__72.jpg2.jpg,300,300,Stop Sign,182.36499,0,300,100.80522
AnyConv.com__73.jpg0.jpg,300,300,Stop Sign,2.3271937,16.534718,287.96674,300
AnyConv.com__73.jpg1.jpg,300,300,Stop Sign,17.03696,12.272788,300,296.4594
AnyConv.com__73.jpg2.jpg,300,300,Stop Sign,15.887231,17.298944,292.58304,300
AnyConv.com__9.jpg0.jpg,300,300,Stop Sign,213.6761,36.83283,293.7624,117.460205
AnyConv.com__9.jpg1.jpg,300,300,Stop Sign,195,123,256,185
AnyConv.com__9.jpg2.jpg,300,300,Stop Sign,183.81354,129.71187,229.64967,176.29942
IMG_3053.jpg0.jpg,300,300,Stop Sign,138,174,159,195
IMG_3053.jpg1.jpg,300,300,Stop Sign,112.797295,161.48817,142.27977,190.97066
IMG_3053.jpg2.jpg,300,300,Stop Sign,150.60022,167.0168,178.9777,195.39429
IMG_3068.jpg0.jpg,300,300,Stop Sign,112.94585,160.42148,134.36778,181.26443
IMG_3068.jpg1.jpg,300,300,Stop Sign,80.35763,169.58691,120.61962,208.76076
IMG_3068.jpg2.jpg,300,300,Stop Sign,0.43133247,248.10558,52.504963,298.77182
sl35_00002.jpg0.jpg,300,300,Speed Limit 35,57.825615,14.006481,180.38995,131.66696
sl35_00002.jpg1.jpg,300,300,Speed Limit 35,159.82921,24.404493,246.10786,128.1573
sl35_00002.jpg2.jpg,300,300,Speed Limit 35,84.4692,45.91304,151.3768,126.371544
sl35_00004.jpg0.jpg,300,300,Speed Limit 35,12.866664,14.454082,198.86667,244.45409
sl35_00004.jpg1.jpg,300,300,Speed Limit 35,53.697113,6.0671697,288.31955,273.1819
sl35_00004.jpg2.jpg,300,300,Speed Limit 35,25.086262,9.903716,300,299.19504
sl35_00005.jpg0.jpg,300,300,Speed Limit 35,114.24631,86.25762,300,276.63602
sl35_00005.jpg1.jpg,300,300,Speed Limit 35,150,15.124603,300,207.60303
sl35_00005.jpg2.jpg,300,300,Speed Limit 35,138.02113,40.525383,268.225,190.67957
sl35_00006.jpg0.jpg,300,300,Speed Limit 35,34,2,251,170
sl35_00006.jpg1.jpg,300,300,Speed Limit 35,45.477192,0,300,226.953
sl35_00006.jpg2.jpg,300,300,Speed Limit 35,0,0,245.77951,229.53918
sl35_00007.jpg0.jpg,300,300,Speed Limit 35,109.6741,100.60175,300,300
sl35_00007.jpg1.jpg,300,300,Speed Limit 35,71.73829,69.33847,284.73828,300
sl35_00007.jpg2.jpg,300,300,Speed Limit 35,51.814953,24.921213,292.47925,300
sl35_00009.jpg0.jpg,300,300,Speed Limit 35,21.013304,0,200.0133,206.71971
sl35_00009.jpg1.jpg,300,300,Speed Limit 35,120.65363,53.957348,240.04,232.03644
sl35_00009.jpg2.jpg,300,300,Speed Limit 35,34.5383,14.025345,300,300
sl35_00010.jpg0.jpg,300,300,Speed Limit 35,101.68097,101.68097,187.25804,207.63354
sl35_00010.jpg1.jpg,300,300,Speed Limit 35,67,67,214,249
sl35_00010.jpg2.jpg,300,300,Speed Limit 35,34.234753,45.26437,259.5825,278.79333
sl35_00011.jpg0.jpg,300,300,Speed Limit 35,154,96,211,184
sl35_00011.jpg1.jpg,300,300,Speed Limit 35,150.60773,96.663086,216.05556,189.88306
sl35_00011.jpg2.jpg,300,300,Speed Limit 35,155.53104,75.33104,234.34827,197.0138
sl35_00012.jpg0.jpg,300,300,Speed Limit 35,91.75094,0,277.75095,207.66473
sl35_00012.jpg1.jpg,300,300,Speed Limit 35,35,39,221,266
sl35_00012.jpg2.jpg,300,300,Speed Limit 35,51.451267,54.879047,210.84312,249.40569
sl35_00013.jpg0.jpg,300,300,Speed Limit 35,118,27,279,239
sl35_00013.jpg1.jpg,300,300,Speed Limit 35,156.14326,54.375496,300,266.3755
sl35_00013.jpg2.jpg,300,300,Speed Limit 35,117.84588,81.03649,249.0343,253.7815
sl35_00015.jpg0.jpg,300,300,Speed Limit 35,213.42615,0,300,75.1377
sl35_00015.jpg1.jpg,300,300,Speed Limit 35,202.73769,17.776598,300,151.7766
sl35_00015.jpg2.jpg,300,300,Speed Limit 35,140.49994,55.47525,300,222.72928
sl35_00016.jpg0.jpg,300,300,Speed Limit 35,12.162878,61.205677,106.16288,179.20567
sl35_00016.jpg1.jpg,300,300,Speed Limit 35,78.96028,0,218.07973,170.71992
sl35_00016.jpg2.jpg,300,300,Speed Limit 35,102,46,196,164
sl35_00017.jpg0.jpg,300,300,Speed Limit 35,146.5501,47.1928,234.86769,160.34972
sl35_00017.jpg1.jpg,300,300,Speed Limit 35,143.50134,0,300,169.49597
sl35_00017.jpg2.jpg,300,300,Speed Limit 35,143.07036,37.683216,273.58905,187.41011
sl35_00019.jpg0.jpg,300,300,Speed Limit 35,85.707855,47.438725,214.29214,211.99599
sl35_00019.jpg1.jpg,300,300,Speed Limit 35,0,63.99497,155.00641,300
sl35_00019.jpg2.jpg,300,300,Speed Limit 35,9.166807,0,177.16681,150.36984
sl35_00020.jpg0.jpg,300,300,Speed Limit 35,93.52558,38.008354,256.24847,218.91794
sl35_00020.jpg1.jpg,300,300,Speed Limit 35,80.453835,12.086412,280.8411,234.8699
sl35_00020.jpg2.jpg,300,300,Speed Limit 35,22.651152,0,201.37842,174.59402
sl35_00021.jpg0.jpg,300,300,Speed Limit 35,202.68199,90.49618,276.35406,173.33481
sl35_00021.jpg1.jpg,300,300,Speed Limit 35,258.4625,75.40238,300,138.40239
sl35_00021.jpg2.jpg,300,300,Speed Limit 35,183.84111,95.99823,219.12227,141.35971
sl35_00022.jpg0.jpg,300,300,Speed Limit 35,84.51764,114.635895,270.51764,300
sl35_00022.jpg1.jpg,300,300,Speed Limit 35,13.66917,3.5738661,294.79446,287.8607
sl35_00022.jpg2.jpg,300,300,Speed Limit 35,92.13682,78.169846,215.84431,221.16505
sl35_00023.jpg0.jpg,300,300,Speed Limit 35,271.70355,70.19167,300,164.81876
sl35_00023.jpg1.jpg,300,300,Speed Limit 35,149.08629,22.710342,252.48923,125.69014
sl35_00023.jpg2.jpg,300,300,Speed Limit 35,199.42978,102.33557,259.45166,171.18419
sl35_00024.jpg0.jpg,300,300,Speed Limit 35,129.32152,25.48255,192.62083,91.38763
sl35_00024.jpg1.jpg,300,300,Speed Limit 35,179,48,224,99
sl35_00024.jpg2.jpg,300,300,Speed Limit 35,240.66881,0,285.66882,36.96554
sl35_00025.jpg0.jpg,300,300,Speed Limit 35,120.831566,0,191.83157,33.38211
sl35_00025.jpg1.jpg,300,300,Speed Limit 35,178.45593,91.86247,249.81287,178.29483
sl35_00025.jpg2.jpg,300,300,Speed Limit 35,154.56995,0,235.68651,94.01815
sl35_00026.jpg0.jpg,300,300,Speed Limit 35,57.696857,150.46259,144.69685,264.4626
sl35_00026.jpg1.jpg,300,300,Speed Limit 35,117.830635,133.56752,222.33437,260.28223
sl35_00026.jpg2.jpg,300,300,Speed Limit 35,134,136,221,250
sl35_00027.jpg0.jpg,300,300,Speed Limit 35,162.86923,82.944534,227.89272,163.54655
sl35_00027.jpg1.jpg,300,300,Speed Limit 35,255.56743,84.15379,300,203.1538
sl35_00027.jpg2.jpg,300,300,Speed Limit 35,168.97289,127.64441,264.9729,246.64441
sl35_00028.jpg0.jpg,300,300,Speed Limit 35,84.12779,0,269.12778,218.84982
sl35_00028.jpg1.jpg,300,300,Speed Limit 35,73.70407,67.12683,195.38292,228.92682
sl35_00028.jpg2.jpg,300,300,Speed Limit 35,34,24,219,270
sl35_00029.jpg0.jpg,300,300,Speed Limit 35,125.98487,78.68234,171.1042,133.26218
sl35_00029.jpg1.jpg,300,300,Speed Limit 35,105.78919,18.707287,188.85193,119.1864
sl35_00029.jpg2.jpg,300,300,Speed Limit 35,144.98177,30.487839,229.78156,122.75125
sl35_00030.jpg0.jpg,300,300,Speed Limit 35,144.108,4.9438066,243.55576,140.99106
sl35_00030.jpg1.jpg,300,300,Speed Limit 35,144.78796,24.04261,229.91779,141.31328
sl35_00030.jpg2.jpg,300,300,Speed Limit 35,143.22513,0,253.88142,138.70854
sl35_00033.jpg0.jpg,300,300,Speed Limit 35,62.281315,22.50191,184.67947,167.33974
sl35_00033.jpg1.jpg,300,300,Speed Limit 35,65.90282,0,193.96817,82.73053
sl35_00033.jpg2.jpg,300,300,Speed Limit 35,157.14638,11.82781,261.71915,135.57228
sl35_00034.jpg0.jpg,300,300,Speed Limit 35,131.12401,84.372795,258.23923,214.14081
sl35_00034.jpg1.jpg,300,300,Speed Limit 35,131.64435,85.6751,257.71896,215.80745
sl35_00034.jpg2.jpg,300,300,Speed Limit 35,129.11424,79.57725,259.10846,206.11356
sl35_00035.jpg0.jpg,300,300,Speed Limit 35,264.58374,60.281013,300,203.38025
sl35_00035.jpg1.jpg,300,300,Speed Limit 35,181,49,272,174
sl35_00035.jpg2.jpg,300,300,Speed Limit 35,181,49,272,174
sl35_00036.jpg0.jpg,300,300,Speed Limit 35,212.74435,0,300,104.55039
sl35_00036.jpg1.jpg,300,300,Speed Limit 35,99.55904,34.443645,162.28342,115.75304
sl35_00036.jpg2.jpg,300,300,Speed Limit 35,132.73703,3.9286602,240.29865,143.3604
sl35_00038.jpg0.jpg,300,300,Speed Limit 35,141.96077,11.959029,300,232.95903
sl35_00038.jpg1.jpg,300,300,Speed Limit 35,75,42,258,263
sl35_00038.jpg2.jpg,300,300,Speed Limit 35,25.150694,0,235.23889,229.07887
sl35_00039.jpg0.jpg,300,300,Speed Limit 35,137,48,289,232
sl35_00039.jpg1.jpg,300,300,Speed Limit 35,206.4023,89.6843,300,273.6843
sl35_00039.jpg2.jpg,300,300,Speed Limit 35,137,48,289,232
sl35_00040.jpg0.jpg,300,300,Speed Limit 35,32.53536,39.83397,91.53536,144.83397
sl35_00040.jpg1.jpg,300,300,Speed Limit 35,8.854843,0,92.97166,137.16862
sl35_00040.jpg2.jpg,300,300,Speed Limit 35,51,36,110,141
sl35_00041.jpg0.jpg,300,300,Speed Limit 35,121.284904,60.654396,206.2148,162.00406
sl35_00041.jpg1.jpg,300,300,Speed Limit 35,71,55,221,234
sl35_00041.jpg2.jpg,300,300,Speed Limit 35,26.577957,36.077503,259.82288,263.6723
sl35_00042.jpg0.jpg,300,300,Speed Limit 35,96.358925,94.0267,174.48831,162.24416
sl35_00042.jpg1.jpg,300,300,Speed Limit 35,130.00865,140.16359,264.00867,257.1636
sl35_00042.jpg2.jpg,300,300,Speed Limit 35,127.45791,2.9662573,261.45792,119.966255
sl35_00043.jpg0.jpg,300,300,Speed Limit 35,4.8161087,0,300,300
sl35_00043.jpg1.jpg,300,300,Speed Limit 35,80.44721,59.646374,229.9532,239.05357
sl35_00043.jpg2.jpg,300,300,Speed Limit 35,0,0,212.37224,260.12344
sl35_00044.jpg0.jpg,300,300,Speed Limit 35,163,42,257,156
sl35_00044.jpg1.jpg,300,300,Speed Limit 35,114.03388,0,247.1172,85.61364
sl35_00044.jpg2.jpg,300,300,Speed Limit 35,153.2502,93.92198,300,238.12209
sl35_00045.jpg0.jpg,300,300,Speed Limit 35,200.24655,75.25345,300,195.37483
sl35_00045.jpg1.jpg,300,300,Speed Limit 35,201.8164,17.956978,298.06442,137.22365
sl35_00045.jpg2.jpg,300,300,Speed Limit 35,147.23564,0,261.564,104.45564
sl35_00048.jpg0.jpg,300,300,Speed Limit 35,100.780624,89.123405,243.25777,234.19104
sl35_00048.jpg1.jpg,300,300,Speed Limit 35,112,103,222,215
sl35_00048.jpg2.jpg,300,300,Speed Limit 35,80.86137,54.08337,262.95703,236.46211
sl35_00049.jpg0.jpg,300,300,Speed Limit 35,33.22927,111.5013,69.22927,159.5013
sl35_00049.jpg1.jpg,300,300,Speed Limit 35,143.58609,51.83466,169.04172,85.7755
sl35_00049.jpg2.jpg,300,300,Speed Limit 35,87.85563,156.68077,127.82871,209.97823
sl35_00050.jpg0.jpg,300,300,Speed Limit 35,144.63007,5.1653414,272.20114,149.23428
sl35_00050.jpg1.jpg,300,300,Speed Limit 35,256.93304,3.6233644,300,130.67505
sl35_00050.jpg2.jpg,300,300,Speed Limit 35,161.63171,0,284.59518,102.22766
sl35_00051.jpg0.jpg,300,300,Speed Limit 35,230.55348,98.133865,300,178.09431
sl35_00051.jpg1.jpg,300,300,Speed Limit 35,211.25957,35.930264,271.53204,105.298775
sl35_00051.jpg2.jpg,300,300,Speed Limit 35,152.60646,43.78835,203.60646,105.78835
sl35_00052.jpg1.jpg,300,300,No Label,14.12243,14.12243,14.12243,14.12243
sl35_00052.jpg2.jpg,300,300,No Label,20.984018,46.18913,20.984018,46.18913
sl35_00053.jpg0.jpg,300,300,Speed Limit 35,144.79921,71.41018,234.94635,166.18025
sl35_00053.jpg1.jpg,300,300,Speed Limit 35,184.60912,0,300,195.7971
sl35_00053.jpg2.jpg,300,300,Speed Limit 35,199.51361,0,300,125.08777
sl35_00054.jpg0.jpg,300,300,Speed Limit 35,107.25294,2.1413238,204.25294,122.14133
sl35_00054.jpg1.jpg,300,300,Speed Limit 35,141.82669,0,238.82669,101.730255
sl35_00054.jpg2.jpg,300,300,Speed Limit 35,0,27.234161,117.07229,175.86191
sl35_00055.jpg0.jpg,300,300,Speed Limit 35,178.3689,44.336857,300,202.26149
sl35_00055.jpg1.jpg,300,300,Speed Limit 35,178,45,258,157
sl35_00055.jpg2.jpg,300,300,Speed Limit 35,178,45,258,157
sl35_00056.jpg0.jpg,300,300,Speed Limit 35,116.766785,84.51669,255.76678,259.5167
sl35_00056.jpg1.jpg,300,300,Speed Limit 35,164.93874,0,300,154.69594
sl35_00056.jpg2.jpg,300,300,Speed Limit 35,68.10861,0.74045974,285.8912,224.22607
sl35_00057.jpg0.jpg,300,300,Speed Limit 35,47.13201,0,161.89513,150.21649
sl35_00057.jpg1.jpg,300,300,Speed Limit 35,3.888914,6.02034,160.06863,183.0858
sl35_00057.jpg2.jpg,300,300,Speed Limit 35,10.729279,3.5452018,160.50223,177.19174
sl35_00058.jpg0.jpg,300,300,Speed Limit 35,90,0,268,169
sl35_00058.jpg1.jpg,300,300,Speed Limit 35,0.7532948,31.065525,178.7533,200.06552
sl35_00058.jpg2.jpg,300,300,Speed Limit 35,96.3036,6.323471,300,251.53357
sl35_00060.jpg0.jpg,300,300,Speed Limit 35,119.49557,81.67007,173.79346,152.44035
sl35_00060.jpg1.jpg,300,300,Speed Limit 35,186.43562,122.64741,275.4356,238.6474
sl35_00060.jpg2.jpg,300,300,Speed Limit 35,45.694523,35.444824,184.50502,181.41135
sl35_00062.jpg0.jpg,300,300,Speed Limit 35,49.467094,0,300,300
sl35_00062.jpg1.jpg,300,300,Speed Limit 35,85,33,300,286
sl35_00062.jpg2.jpg,300,300,Speed Limit 35,85,33,300,286
sl35_00063.jpg0.jpg,300,300,Speed Limit 35,53.289955,36.32328,234.83337,254.34505
sl35_00063.jpg1.jpg,300,300,Speed Limit 35,30.609026,9.66324,254.72893,278.8166
sl35_00063.jpg2.jpg,300,300,Speed Limit 35,4.278913,32.265945,218.27892,289.26593
sl35_00064.jpg0.jpg,300,300,Speed Limit 35,131.73654,16.133596,300,217.67894
sl35_00064.jpg1.jpg,300,300,Speed Limit 35,32.284565,0,245.92525,175.28992
sl35_00064.jpg2.jpg,300,300,Speed Limit 35,218.12541,92.2411,300,261.2411
sl35_00066.jpg0.jpg,300,300,Speed Limit 35,56.914898,128.3372,111.914894,206.3372
sl35_00066.jpg1.jpg,300,300,Speed Limit 35,122,155,177,233
sl35_00066.jpg2.jpg,300,300,Speed Limit 35,157.51796,117.7977,212.51796,195.7977
sl35_00067.jpg0.jpg,300,300,Speed Limit 35,141,23,238,146
sl35_00067.jpg1.jpg,300,300,Speed Limit 35,141,23,238,146
sl35_00067.jpg2.jpg,300,300,Speed Limit 35,138.4306,0,263.12305,144.85805
sl35_00068.jpg0.jpg,300,300,Speed Limit 35,113.22653,67.8726,194.12816,172.06407
sl35_00068.jpg1.jpg,300,300,Speed Limit 35,120,83,186,168
sl35_00068.jpg2.jpg,300,300,Speed Limit 35,115.093185,77.86452,217.80658,185.33052
sl35_00070.jpg0.jpg,300,300,Speed Limit 35,0,93.270065,237.69272,300
sl35_00070.jpg1.jpg,300,300,Speed Limit 35,0,0,300,300
sl35_00070.jpg2.jpg,300,300,Speed Limit 35,56.030758,80.58311,300,300
sl35_00072.jpg0.jpg,300,300,Speed Limit 35,116.62071,6.4937415,202.58862,123.515076
sl35_00072.jpg1.jpg,300,300,Speed Limit 35,171.8932,0,248.8932,96.36383
sl35_00072.jpg2.jpg,300,300,Speed Limit 35,98.29925,0,208.88141,106.91604
sl35_00074.jpg0.jpg,300,300,Speed Limit 35,109,20,269,251
sl35_00074.jpg1.jpg,300,300,Speed Limit 35,90.74873,53.24396,250.74873,284.24396
sl35_00074.jpg2.jpg,300,300,Speed Limit 35,42.594242,0,202.59424,219.87778
sl35_00075.jpg0.jpg,300,300,Speed Limit 35,170,39,258,138
sl35_00075.jpg1.jpg,300,300,Speed Limit 35,172.86197,52.084633,288.90894,174.81831
sl35_00075.jpg2.jpg,300,300,Speed Limit 35,136.46738,5.1950936,224.46738,104.19509
sl35_00076.jpg0.jpg,300,300,Speed Limit 35,63,47,208,212
sl35_00076.jpg1.jpg,300,300,Speed Limit 35,63,47,208,212
sl35_00076.jpg2.jpg,300,300,Speed Limit 35,68.76463,0,213.76463,160.66422
sl35_00077.jpg0.jpg,300,300,Speed Limit 35,235.87447,25.184578,300,144.18457
sl35_00077.jpg1.jpg,300,300,Speed Limit 35,147.47664,20.047058,261.02777,170.18686
sl35_00077.jpg2.jpg,300,300,Speed Limit 35,147.66219,29.602512,252.86388,168.70251
sl35_00078.jpg0.jpg,300,300,Speed Limit 35,203.51428,104.172226,261.51428,167.17223
sl35_00078.jpg1.jpg,300,300,Speed Limit 35,188.24373,129.1225,273.04016,212.64478
sl35_00078.jpg2.jpg,300,300,Speed Limit 35,184,64,242,127
sl35_00079.jpg0.jpg,300,300,Speed Limit 35,247.82193,120.4654,300,198.46541
sl35_00079.jpg1.jpg,300,300,Speed Limit 35,165,76,226,154
sl35_00079.jpg2.jpg,300,300,Speed Limit 35,165,76,226,154
sl35_00081.jpg0.jpg,300,300,Speed Limit 35,138,56,197,130
sl35_00081.jpg1.jpg,300,300,Speed Limit 35,157.37436,137.42827,216.37436,211.42827
sl35_00081.jpg2.jpg,300,300,Speed Limit 35,147.2046,98.848885,190.83841,147.71135
sl35_00083.jpg0.jpg,300,300,Speed Limit 35,122.90729,129.10783,167.93643,195.04338
sl35_00083.jpg1.jpg,300,300,Speed Limit 35,147.07872,155.23752,246.21715,249.62372
sl35_00083.jpg2.jpg,300,300,Speed Limit 35,149.93413,152.71504,283.4587,282.38135
sl35_00084.jpg0.jpg,300,300,Speed Limit 35,269.1364,154.0279,300,218.12135
sl35_00084.jpg1.jpg,300,300,Speed Limit 35,188.62082,52.308704,248.80696,115.10319
sl35_00084.jpg2.jpg,300,300,Speed Limit 35,214.10776,95.1271,270.00195,154.18155
sl35_00086.jpg0.jpg,300,300,Speed Limit 35,192.39731,69.98639,293.29922,174.1674
sl35_00086.jpg1.jpg,300,300,Speed Limit 35,95.71155,82.68718,183.51945,182.3484
sl35_00086.jpg2.jpg,300,300,Speed Limit 35,241.61777,0,300,53.707405
sl35_00087.jpg0.jpg,300,300,Speed Limit 35,128.2713,54.366367,255.29706,193.77605
sl35_00087.jpg1.jpg,300,300,Speed Limit 35,105.05379,100.549126,240.05862,263.22296
sl35_00087.jpg2.jpg,300,300,Speed Limit 35,198.78827,19.3752,300,181.6293
sl35_00088.jpg0.jpg,300,300,Speed Limit 35,173.19312,54.86852,300,188.88214
sl35_00088.jpg1.jpg,300,300,Speed Limit 35,157.35083,72.32869,241.35083,179.32869
sl35_00088.jpg2.jpg,300,300,Speed Limit 35,260.29694,34.884464,300,170.34863
sl35_00089.jpg0.jpg,300,300,Speed Limit 35,59.593002,79.297386,237.9363,274.72943
sl35_00089.jpg1.jpg,300,300,Speed Limit 35,99.60428,84.42887,227.60428,243.42888
sl35_00089.jpg2.jpg,300,300,Speed Limit 35,60.129047,88.535255,179.92621,237.3458
sl35_00091.jpg0.jpg,300,300,Speed Limit 35,0,43.014107,132.746,189.93095
sl35_00091.jpg1.jpg,300,300,Speed Limit 35,150,0,250,110
sl35_00091.jpg2.jpg,300,300,Speed Limit 35,79.90691,0,215.98827,104.99474
sl35_00094.jpg0.jpg,300,300,Speed Limit 35,171,59,223,122
sl35_00094.jpg1.jpg,300,300,Speed Limit 35,171,59,223,122
sl35_00094.jpg2.jpg,300,300,Speed Limit 35,168.77086,68.659645,215.25105,124.9722
sl35_00095.jpg0.jpg,300,300,Speed Limit 35,175.0775,65.07656,300,242.98912
sl35_00095.jpg1.jpg,300,300,Speed Limit 35,242.29,0,300,69.97504
sl35_00095.jpg2.jpg,300,300,Speed Limit 35,207.53108,86.906044,300,233.95415
sl35_00096.jpg0.jpg,300,300,Speed Limit 35,154.0467,142.2881,262.3302,258.80835
sl35_00096.jpg1.jpg,300,300,Speed Limit 35,174,108,248,201
sl35_00096.jpg2.jpg,300,300,Speed Limit 35,173.63506,107.15213,248.43839,200.79005
sl35_00097.jpg0.jpg,300,300,No Label,5.7017593,5.7017593,5.7017593,5.7017593
sl35_00097.jpg2.jpg,300,300,No Label,7.9079127,27.462383,7.9079127,27.462383
sl35_00098.jpg0.jpg,300,300,Speed Limit 35,147.89775,27.018467,260.36804,169.97136
sl35_00098.jpg1.jpg,300,300,Speed Limit 35,139.11821,46.4247,298.29727,217.10638
sl35_00098.jpg2.jpg,300,300,Speed Limit 35,203.32574,0,300,115.779495
sl35_00099.jpg0.jpg,300,300,Speed Limit 35,126,39,224,164
sl35_00099.jpg1.jpg,300,300,Speed Limit 35,148.97878,12.947768,228.43987,114.30119
sl35_00099.jpg2.jpg,300,300,Speed Limit 35,122.22673,41.054985,268.10495,197.71442
sl35_00100.jpg0.jpg,300,300,Speed Limit 35,55.583157,3.5854754,289.57272,297.7829
sl35_00100.jpg1.jpg,300,300,Speed Limit 35,81,43,252,258
sl35_00100.jpg2.jpg,300,300,Speed Limit 35,1.1925995,1.2257701,300,300
sl35_00101.jpg0.jpg,300,300,Speed Limit 35,84.376625,24.849188,276.8102,214.31355
sl35_00101.jpg1.jpg,300,300,Speed Limit 35,85,33,208,181
sl35_00101.jpg2.jpg,300,300,Speed Limit 35,109.99373,77.988716,185.6979,169.07991
sl35_00102.jpg0.jpg,300,300,Speed Limit 35,13.138203,71.345985,213.811,273.47122
sl35_00102.jpg1.jpg,300,300,Speed Limit 35,44,63,172,220
sl35_00102.jpg2.jpg,300,300,Speed Limit 35,25.8002,13.405302,227.51382,214.72385
sl35_00104.jpg0.jpg,300,300,Speed Limit 35,152.81569,83.36219,231.65479,178.15681
sl35_00104.jpg1.jpg,300,300,Speed Limit 35,108.620346,40.475067,237.01035,171.78189
sl35_00104.jpg2.jpg,300,300,Speed Limit 35,163.6827,134.43095,247.6827,235.43095
sl35_00105.jpg0.jpg,300,300,Speed Limit 35,74.65555,0,256.5218,166.91914
sl35_00105.jpg1.jpg,300,300,Speed Limit 35,109.4592,16.039064,234.02281,164.26418
sl35_00105.jpg2.jpg,300,300,Speed Limit 35,122.228615,59.048706,200.68279,155.55428
sl35_00107.jpg0.jpg,300,300,Speed Limit 35,111,80,202,193
sl35_00107.jpg1.jpg,300,300,Speed Limit 35,123.13901,101.78796,185.81467,179.61597
sl35_00107.jpg2.jpg,300,300,Speed Limit 35,116.74261,90.307236,194.3432,186.66841
sl35_00108.jpg0.jpg,300,300,Speed Limit 35,16.515324,132.78963,97.51533,241.78963
sl35_00108.jpg1.jpg,300,300,Speed Limit 35,19.094011,115.14693,154.84947,244.11313
sl35_00108.jpg2.jpg,300,300,Speed Limit 35,10.537529,84.84729,138.32512,220.46062
sl35_00110.jpg0.jpg,300,300,Speed Limit 35,22.696405,49.6185,290.81912,300
sl35_00110.jpg1.jpg,300,300,Speed Limit 35,78.72985,52.691353,288.38443,289.5895
sl35_00110.jpg2.jpg,300,300,Speed Limit 35,68.65185,36.53635,300,265.22266
sv_224_00001.jpg2.jpg,300,300,No Label,0,0,0,0
sv_224_00003.jpg0.jpg,300,300,No Label,0,0,0,0
sv_224_00003.jpg1.jpg,300,300,No Label,0,0,0,0
sv_224_00004.jpg0.jpg,300,300,No Label,0,0,0,0
sv_224_00004.jpg1.jpg,300,300,No Label,0,0,0,0
sv_224_00005.jpg0.jpg,300,300,No Label,0,0,0,0
sv_224_00009.jpg0.jpg,300,300,No Label,0,0,0,0
sv_224_00009.jpg2.jpg,300,300,No Label,0,0,0,0
sv_224_00010.jpg0.jpg,300,300,No Label,0,0,0,0
sv_224_00010.jpg1.jpg,300,300,No Label,0,0,0,0
sv_224_00010.jpg2.jpg,300,300,No Label,0,0,0,0
sv_224_00012.jpg0.jpg,300,300,No Label,0,0,0,0
sv_224_00012.jpg1.jpg,300,300,No Label,0,0,0,0
sv_224_00012.jpg2.jpg,300,300,No Label,0,0,0,0
sv_224_00013.jpg1.jpg,300,300,No Label,0,0,0,0
sv_224_00015.jpg0.jpg,300,300,No Label,0,0,0,0
sv_224_00016.jpg0.jpg,300,300,No Label,0,0,0,0
sv_224_00016.jpg1.jpg,300,300,No Label,0,0,0,0
sv_224_00019.jpg0.jpg,300,300,No Label,0,0,0,0
sv_224_00019.jpg1.jpg,300,300,No Label,0,0,0,0
sv_224_00019.jpg2.jpg,300,300,No Label,0,0,0,0
sv_224_00020.jpg0.jpg,300,300,No Label,0,0,0,0
sv_224_00020.jpg1.jpg,300,300,No Label,0,0,0,0
sv_224_00021.jpg2.jpg,300,300,No Label,0,0,0,0
sv_224_00026.jpg1.jpg,300,300,No Label,0,0,0,0
sv_224_00026.jpg2.jpg,300,300,No Label,0,0,0,0
sv_224_00027.jpg1.jpg,300,300,No Label,0,0,0,0
sv_224_00028.jpg0.jpg,300,300,No Label,0,0,0,0
sv_224_00029.jpg1.jpg,300,300,No Label,0,0,0,0
sv_224_00029.jpg2.jpg,300,300,No Label,0,0,0,0
sv_224_00030.jpg0.jpg,300,300,No Label,0,0,0,0
sv_224_00031.jpg1.jpg,300,300,No Label,0,0,0,0
sv_224_00032.jpg0.jpg,300,300,No Label,0,0,0,0
sv_224_00035.jpg0.jpg,300,300,No Label,0,0,0,0
sv_224_00038.jpg0.jpg,300,300,No Label,0,0,0,0
sv_224_00039.jpg0.jpg,300,300,No Label,0,0,0,0
sv_224_00039.jpg2.jpg,300,300,No Label,0,0,0,0
sv_224_00040.jpg2.jpg,300,300,No Label,0,0,0,0
sv_224_00042.jpg1.jpg,300,300,No Label,0,0,0,0
sv_224_00044.jpg1.jpg,300,300,No Label,0,0,0,0
sv_224_00046.jpg0.jpg,300,300,No Label,0,0,0,0
sv_224_00047.jpg2.jpg,300,300,No Label,0,0,0,0
sv_224_00048.jpg2.jpg,300,300,No Label,0,0,0,0
sv_224_00049.jpg1.jpg,300,300,No Label,0,0,0,0
sv_224_00049.jpg2.jpg,300,300,No Label,0,0,0,0
sv_224_00050.jpg0.jpg,300,300,No Label,0,0,0,0
sv_224_00050.jpg1.jpg,300,300,No Label,0,0,0,0
sv_224_00052.jpg1.jpg,300,300,No Label,0,0,0,0
sv_224_00053.jpg0.jpg,300,300,No Label,0,0,0,0
sv_224_00053.jpg2.jpg,300,300,No Label,0,0,0,0
sv_224_00054.jpg0.jpg,300,300,No Label,0,0,0,0
sv_224_00055.jpg1.jpg,300,300,No Label,0,0,0,0
sv_224_00055.jpg2.jpg,300,300,No Label,0,0,0,0
sv_224_00056.jpg2.jpg,300,300,No Label,0,0,0,0
sv_224_00060.jpg1.jpg,300,300,No Label,0,0,0,0
sv_224_00060.jpg2.jpg,300,300,No Label,0,0,0,0
sv_224_00061.jpg1.jpg,300,300,No Label,0,0,0,0
sv_224_00061.jpg2.jpg,300,300,No Label,0,0,0,0
sv_224_00062.jpg0.jpg,300,300,No Label,0,0,0,0
sv_224_00065.jpg2.jpg,300,300,No Label,0,0,0,0
sv_224_00066.jpg1.jpg,300,300,No Label,0,0,0,0
sv_224_00067.jpg2.jpg,300,300,No Label,0,0,0,0
sv_224_00069.jpg0.jpg,300,300,No Label,0,0,0,0
sv_224_00071.jpg0.jpg,300,300,No Label,0,0,0,0
sv_224_00071.jpg2.jpg,300,300,No Label,0,0,0,0
sv_224_00072.jpg1.jpg,300,300,No Label,0,0,0,0
sv_224_00073.jpg2.jpg,300,300,No Label,0,0,0,0
sv_224_00074.jpg0.jpg,300,300,No Label,0,0,0,0
sv_224_00074.jpg2.jpg,300,300,No Label,0,0,0,0
sv_224_00077.jpg1.jpg,300,300,No Label,0,0,0,0
sv_224_00078.jpg1.jpg,300,300,No Label,0,0,0,0
sv_224_00079.jpg1.jpg,300,300,No Label,0,0,0,0
sv_224_00079.jpg2.jpg,300,300,No Label,0,0,0,0
sv_224_00081.jpg0.jpg,300,300,No Label,0,0,0,0
sv_224_00082.jpg0.jpg,300,300,No Label,0,0,0,0
sv_224_00082.jpg1.jpg,300,300,No Label,0,0,0,0
sv_224_00085.jpg1.jpg,300,300,No Label,0,0,0,0
sv_224_00085.jpg2.jpg,300,300,No Label,0,0,0,0
sv_224_00090.jpg0.jpg,300,300,No Label,0,0,0,0
sv_224_00090.jpg1.jpg,300,300,No Label,0,0,0,0
sv_224_00090.jpg2.jpg,300,300,No Label,0,0,0,0
sv_224_00091.jpg2.jpg,300,300,No Label,0,0,0,0
sv_224_00092.jpg2.jpg,300,300,No Label,0,0,0,0
sv_224_00093.jpg0.jpg,300,300,No Label,0,0,0,0
sv_224_00093.jpg1.jpg,300,300,No Label,0,0,0,0
sv_224_00093.jpg2.jpg,300,300,No Label,0,0,0,0
sv_224_00094.jpg1.jpg,300,300,No Label,0,0,0,0
sv_224_00095.jpg0.jpg,300,300,No Label,0,0,0,0
sv_224_00095.jpg1.jpg,300,300,No Label,0,0,0,0
sv_224_00096.jpg1.jpg,300,300,No Label,0,0,0,0
sv_224_00096.jpg2.jpg,300,300,No Label,0,0,0,0
sv_224_00098.jpg0.jpg,300,300,No Label,0,0,0,0
sv_224_00099.jpg0.jpg,300,300,No Label,0,0,0,0
sv_224_00099.jpg2.jpg,300,300,No Label,0,0,0,0
sv_224_00100.jpg2.jpg,300,300,No Label,0,0,0,0
sv_224_00102.jpg0.jpg,300,300,No Label,0,0,0,0
sv_224_00102.jpg2.jpg,300,300,No Label,0,0,0,0
sv_224_00103.jpg0.jpg,300,300,No Label,0,0,0,0
sv_224_00103.jpg1.jpg,300,300,No Label,0,0,0,0
sv_224_00103.jpg2.jpg,300,300,No Label,0,0,0,0
sv_224_00104.jpg2.jpg,300,300,No Label,0,0,0,0
sv_224_00106.jpg0.jpg,300,300,No Label,0,0,0,0
sv_224_00107.jpg1.jpg,300,300,No Label,0,0,0,0
sv_224_00107.jpg2.jpg,300,300,No Label,0,0,0,0
sv_224_00109.jpg1.jpg,300,300,No Label,0,0,0,0
sv_224_00110.jpg1.jpg,300,300,No Label,0,0,0,0
sv_224_00111.jpg1.jpg,300,300,No Label,0,0,0,0
sv_224_00111.jpg2.jpg,300,300,No Label,0,0,0,0
sv_224_00112.jpg1.jpg,300,300,No Label,0,0,0,0
